,City,Cloudiness (%),Country,Date,Humidity,Latitude,Longitude,Max Temp,Wind Speed
0,Oranjestad,20,AW,1583987322,74,12.52,-70.03,299.15,8.7
1,Linxia Chengguanzhen,66,CN,1583987323,29,35.6,103.21,274.53,3.14
2,Koshurnikovo,100,RU,1583987324,82,54.17,93.3,265.32,1.04
3,Albany,90,US,1583987325,55,42.6,-73.97,275.93,2.6
4,Ushuaia,90,AR,1583987045,93,-54.8,-68.3,281.15,1.5
5,Dikson,82,RU,1583987328,99,73.51,80.55,247.69,4.88
6,Yellowknife,40,CA,1583987331,70,62.46,-114.35,253.15,3.6
7,Sitka,75,US,1583987332,86,57.05,-135.33,274.15,4.1
8,Auki,100,SB,1583987196,81,-8.77,160.7,300.65,4.94
9,Temba,73,ZA,1583987334,82,-25.38,28.26,293.71,1.5
10,Testour,20,TN,1583987111,100,36.55,9.44,279.15,3.1
11,Leningradskiy,100,RU,1583987336,82,69.38,178.42,252.72,6.52
12,Cidreira,1,BR,1583987337,85,-30.18,-50.21,297.18,10.55
13,Boshnyakovo,0,RU,1583987338,57,49.63,142.17,267.6,2.5
14,Bethel,1,US,1583987340,55,41.37,-73.41,279.26,0.84
15,Castro,1,BR,1583987341,96,-24.79,-50.01,290.18,3.82
16,Caucayá,100,CO,1583987342,90,-0.19,-74.78,296.8,0.76
17,Sri Aman,75,MY,1583987343,70,1.24,111.46,303.15,1.0
18,Merauke,100,ID,1583987344,68,-8.47,140.33,303.69,4.91
19,Jamestown,90,US,1583987345,93,42.1,-79.24,277.59,1.69
20,Clyde River,1,CA,1583987346,74,70.47,-68.59,241.15,2.1
21,Tocopilla,0,CL,1583987347,49,-22.09,-70.2,290.32,1.97
22,Thompson,90,CA,1583987001,57,55.74,-97.86,266.15,4.1
23,Klaksvík,99,FO,1583987349,93,62.23,-6.59,275.15,3.1
24,Hermanus,94,ZA,1583987351,87,-34.42,19.23,289.26,0.45
25,Port Alfred,100,ZA,1583986878,95,-33.59,26.89,292.59,1.79
26,Rikitea,4,PF,1583987353,76,-23.12,-134.97,298.51,5.42
27,Hilo,90,US,1583987135,83,19.73,-155.09,294.82,2.6
28,Lorengau,100,PG,1583987355,72,-2.02,147.27,302.14,4.85
29,Saint Charles,1,US,1583987356,87,38.78,-90.48,283.15,3.6
30,Safi,0,MA,1583987357,68,32.3,-9.24,284.68,0.57
31,Vredendal,77,ZA,1583987358,84,-31.67,18.5,289.95,3.04
32,Punta Arenas,75,CL,1583987359,87,-53.15,-70.92,281.15,2.6
33,Prince Albert,90,CA,1583987360,68,53.2,-105.77,270.15,6.7
34,Atuona,4,PF,1583987362,75,-9.8,-139.03,301.08,5.2
35,Atikokan,100,CA,1583987363,97,48.76,-91.62,273.06,4.48
36,Kudahuvadhoo,61,MV,1583987365,72,2.67,72.89,301.6,5.02
37,Vaini,90,TO,1583987366,100,-21.2,-175.2,298.15,1.0
38,Arraial do Cabo,0,BR,1583987367,73,-22.97,-42.03,297.61,4.95
39,Butaritari,100,KI,1583987368,74,3.07,172.79,300.1,0.59
40,Salalah,75,OM,1583987369,60,17.02,54.09,297.15,1.0
41,Santana do Livramento,100,BR,1583987370,52,-30.89,-55.53,297.52,2.89
42,Mataura,1,NZ,1583987134,74,-46.19,168.86,288.15,4.47
43,Ulaanbaatar,0,MN,1583987373,66,47.91,106.88,261.15,4.0
44,Kabare,100,CD,1583987374,96,-2.47,28.82,289.06,0.97
45,Kaupanger,96,NO,1583987376,94,61.18,7.24,267.0,3.81
46,Hithadhoo,16,MV,1583987377,73,-0.6,73.08,301.74,6.18
47,Naze,75,JP,1583987378,59,28.37,129.48,290.15,2.6
48,Cayenne,0,GF,1583987379,88,4.93,-52.33,295.15,2.52
49,Dakar,0,SN,1583987381,78,14.69,-17.44,297.15,7.2
50,Saldanha,65,ZA,1583987382,87,-33.01,17.94,289.15,5.1
51,Cape Town,75,ZA,1583987299,100,-33.93,18.42,290.37,4.6
52,Laguna,1,US,1583987385,67,38.42,-121.42,290.93,2.1
53,Norsup,40,VU,1583987386,66,-16.07,167.38,304.15,4.6
54,Marsh Harbour,74,BS,1583987387,77,26.54,-77.06,295.45,6.09
55,George Town,20,MY,1583987368,66,5.41,100.34,305.15,4.6
56,Tasiilaq,95,GL,1583987389,65,65.61,-37.64,260.15,1.5
57,Souillac,75,MU,1583987390,94,-20.52,57.52,301.48,2.42
58,Lebu,67,CL,1583987391,95,-37.62,-73.65,284.16,0.91
59,Chokurdakh,0,RU,1583987392,89,70.63,147.92,244.0,1.19
60,Kapaa,90,US,1583987393,73,22.08,-159.32,298.15,4.6
61,Monrovia,48,LR,1583987230,87,6.3,-10.8,300.12,0.67
62,Saskylakh,98,RU,1583987396,91,71.92,114.08,255.47,8.94
63,Iquitos,68,PE,1583987397,94,-3.75,-73.25,297.15,1.0
64,Khao Yoi,0,TH,1583987398,62,13.24,99.82,305.15,3.6
65,Tulun,100,RU,1583987399,67,54.56,100.58,270.14,5.27
66,Valente,100,BR,1583987400,86,-11.41,-39.46,297.21,4.45
67,Zyryanka,100,RU,1583987404,93,65.75,150.85,248.37,12.72
68,Axum,96,ET,1583987406,42,14.12,38.72,295.62,2.83
69,New Richmond,1,US,1583987407,86,45.12,-92.54,279.15,2.6
70,Taltal,15,CL,1583987408,91,-25.4,-70.48,287.28,0.44
71,Slave Lake,90,CA,1583987409,85,55.28,-114.77,268.15,3.1
72,Todos Santos,75,MX,1583987410,41,23.45,-110.22,299.15,3.1
73,Tortolì,5,IT,1583987411,87,39.93,9.66,285.15,3.1
74,Tautira,40,PF,1583986897,70,-17.73,-149.15,303.15,4.1
75,Broken Hill,79,AU,1583987415,28,-31.95,141.43,303.15,6.2
76,Katherine,2,AU,1583987416,41,-14.47,132.27,308.15,3.1
77,Tabou,87,CI,1583987420,95,4.42,-7.35,298.41,1.36
78,Englehart,90,CA,1583987421,100,47.82,-79.87,268.15,3.1
79,Port Hedland,77,AU,1583987423,63,-20.32,118.57,307.15,6.2
80,Nikolskoye,90,RU,1583987425,86,59.7,30.79,276.15,4.0
81,Saint George,1,US,1583987326,76,37.1,-113.58,288.15,2.6
82,Bredasdorp,92,ZA,1583987143,82,-34.53,20.04,293.15,5.7
83,Huarmey,30,PE,1583987428,76,-10.07,-78.15,294.44,0.68
84,East London,75,ZA,1583987429,88,-33.02,27.91,294.15,3.1
85,Krasnosel'kup,38,RU,1583987430,83,65.7,82.47,258.95,1.94
86,New Norfolk,69,AU,1583987431,53,-42.78,147.06,296.48,3.1
87,Barrow,40,US,1583987432,96,71.29,-156.79,237.15,4.6
88,Blythe,75,US,1583987433,82,33.61,-114.6,292.15,2.1
89,Port Elizabeth,75,ZA,1583987434,94,-33.92,25.57,293.15,7.7
90,Sakakah,75,SA,1583986999,16,29.97,40.21,293.15,2.1
91,Soyo,86,AO,1583987437,88,-6.13,12.37,299.23,1.62
92,Itarema,85,BR,1583987438,96,-2.92,-39.92,296.08,1.21
93,Marang,40,MY,1583987439,74,5.21,103.21,303.71,2.6
94,Hayrabolu,1,TR,1583987441,93,41.21,27.11,279.82,1.67
95,General Roca,0,AR,1583987442,49,-39.03,-67.58,293.15,1.0
96,Upernavik,99,GL,1583987443,93,72.79,-56.15,243.72,2.15
97,Ilulissat,15,GL,1583987444,65,69.22,-51.1,257.15,0.5
98,Saint-Philippe,39,RE,1583987445,94,-21.36,55.77,301.15,7.7
99,Qaanaaq,0,GL,1583987448,44,77.48,-69.36,243.57,2.99
100,Newport,75,GB,1583987384,65,51.59,-3.0,279.26,7.7
101,Corinth,0,GR,1583987188,66,37.94,22.96,284.26,1.5
102,Hobart,39,AU,1583987451,53,-42.88,147.33,296.48,3.1
103,Nome,90,US,1583987452,85,64.5,-165.41,261.48,6.7
104,Arrondissement du Havre,75,FR,1583987453,87,49.58,0.33,283.15,8.7
105,Caravelas,100,BR,1583986949,80,-17.71,-39.25,299.54,3.08
106,Maswa,88,TZ,1583987455,81,-2.68,33.98,294.91,1.95
107,Bitkine,47,TD,1583987456,13,11.98,18.21,294.57,3.97
108,Bluff,37,NZ,1583987458,74,-46.6,168.33,288.15,4.47
109,Ostrovnoy,77,RU,1583987459,94,68.05,39.51,268.43,5.05
110,Busselton,91,AU,1583987461,26,-33.65,115.33,302.59,7.18
111,Mahébourg,75,MU,1583987463,94,-20.41,57.7,301.48,4.32
112,Puerto Ayora,2,EC,1583987464,100,-0.74,-90.35,298.71,0.45
113,Soc Trang,40,VN,1583987465,62,9.6,105.98,305.15,5.1
114,Ambon City,20,ID,1583987466,66,-3.7,128.18,306.15,2.6
115,Batemans Bay,0,AU,1583986906,69,-35.72,150.18,296.48,6.26
116,Molina,90,CL,1583987468,43,-35.12,-71.28,296.15,0.5
117,Ancud,100,CL,1583987470,93,-41.87,-73.82,285.15,1.5
118,Xuzhou,100,CN,1583987471,42,34.18,117.16,291.8,2.71
119,Jerez,0,GT,1583987472,81,14.1,-89.75,291.79,1.88
120,Opuwo,45,NA,1583987473,43,-18.06,13.84,294.88,1.04
121,Bengkulu,25,ID,1583987474,73,-3.8,102.27,303.13,4.24
122,Lompoc,40,US,1583987475,93,34.64,-120.46,287.15,2.92
123,Coquimbo,75,CL,1583987476,88,-29.95,-71.34,290.15,3.1
124,Emerald,40,AU,1583987309,51,-23.53,148.17,302.59,5.7
125,Vardø,75,NO,1583987479,86,70.37,31.11,272.15,7.7
126,Anadyr,90,RU,1583987242,85,64.75,177.48,261.15,20.0
127,Avarua,1,CK,1583987481,94,-21.21,-159.78,299.15,4.6
128,Ponta do Sol,20,PT,1583986931,76,32.67,-17.1,288.15,5.1
129,Yurga,100,RU,1583987483,93,55.72,84.89,268.56,6.08
130,Tuktoyaktuk,40,CA,1583987484,73,69.45,-133.04,238.15,3.6
131,Hambantota,20,LK,1583987486,79,6.12,81.12,302.15,2.6
132,Iqaluit,5,CA,1583987487,68,63.75,-68.51,244.26,3.1
133,Kavaratti,24,IN,1583987488,67,10.57,72.64,301.49,3.43
134,Sibu,75,MY,1583987489,88,2.3,111.82,302.04,2.6
135,Ixtapa,75,MX,1583987491,88,20.7,-105.2,296.15,0.51
136,Tabanan,20,ID,1583987461,84,-8.54,115.13,304.15,2.1
137,Ban Tak,0,TH,1583987493,54,17.04,99.08,306.48,0.5
138,Buala,100,SB,1583987494,91,-8.14,159.59,299.08,6.36
139,São João da Barra,11,BR,1583987497,89,-21.64,-41.05,294.3,4.56
140,Tobol'sk,100,RU,1583987498,99,58.2,68.27,276.31,5.63
141,Ribeira Grande,77,PT,1583987499,86,38.52,-28.7,285.74,4.81
142,Houma,1,US,1583987500,93,29.6,-90.72,292.15,1.5
143,Saint Paul Harbor,1,US,1583987501,42,57.79,-152.41,271.15,5.1
144,Ascension,1,US,1583987502,88,30.22,-90.9,292.15,2.61
145,Abalak,100,RU,1583987503,99,58.13,68.59,276.31,5.63
146,Mossamedes,51,AO,1583987504,85,-15.2,12.15,297.45,2.74
147,Aykhal,90,RU,1583987505,77,66.0,111.5,257.15,5.0
148,Kruisfontein,85,ZA,1583987507,86,-34.0,24.73,293.06,4.68
149,Berlevåg,75,NO,1583987508,86,70.86,29.09,270.15,5.7
150,Giruá,51,BR,1583987509,80,-28.03,-54.35,292.59,2.16
151,Bandarbeyla,1,SO,1583987510,76,9.49,50.81,298.97,7.56
152,Buzovna,90,AZ,1583987511,100,40.52,50.11,280.15,4.1
153,Longyearbyen,75,SJ,1583987512,68,78.22,15.64,245.15,2.1
154,Yabēlo,99,ET,1583987513,54,4.88,38.08,296.14,5.62
155,Alofi,70,NU,1583987514,83,-19.06,-169.92,301.15,2.6
156,Praxédis Guerrero,1,MX,1583987515,55,31.37,-106.02,293.15,2.92
157,Cabo San Lucas,75,MX,1583987412,41,22.89,-109.91,299.15,3.1
158,Kikwit,100,CD,1583987518,93,-5.04,18.82,295.59,0.74
159,Husavik,90,IS,1583987519,92,66.04,-17.34,269.15,11.8
160,Brae,83,GB,1583987520,86,60.4,-1.35,278.15,6.2
161,Christchurch,0,NZ,1583987463,52,-43.53,172.63,294.26,5.7
162,Cranbrook,20,CA,1583987401,47,49.5,-115.77,274.15,2.6
163,Ishigaki,75,JP,1583987523,77,24.34,124.16,294.15,5.7
164,Lüderitz,0,NA,1583987524,87,-26.65,15.16,289.15,1.5
165,Chiredzi,33,ZW,1583987526,80,-21.05,31.67,297.73,3.33
166,Anamur,75,TR,1583987528,71,36.08,32.84,286.15,2.6
167,Bathurst,19,AU,1583987529,45,-33.42,149.58,298.15,0.45
168,Aljezur,49,PT,1583987530,99,37.32,-8.8,288.15,0.89
169,Kokopo,100,PG,1583987532,72,-4.35,152.26,301.23,7.47
170,Torbay,90,CA,1583987535,92,47.67,-52.73,272.15,7.7
171,Nadym,100,RU,1583987537,95,65.53,72.52,267.86,7.83
172,Būlaevo,100,KZ,1583987538,99,54.91,70.44,273.83,5.76
173,Half Moon Bay,90,US,1583987539,93,37.46,-122.43,288.71,2.6
174,Aklavik,40,CA,1583987540,68,68.22,-135.01,245.15,1.0
175,Semīrom,0,IR,1583987543,18,31.42,51.57,281.79,1.17
176,Kiryat Gat,75,IL,1583987544,77,31.61,34.76,292.04,3.6
177,Pangnirtung,6,CA,1583987546,85,66.15,-65.71,242.45,0.82
178,Meulaboh,56,ID,1583987547,78,4.14,96.13,301.73,4.19
179,Atar,0,MR,1583987548,9,20.52,-13.05,291.45,3.06
180,Nanortalik,14,GL,1583987549,69,60.14,-45.24,269.24,0.93
181,Roebourne,93,AU,1583987550,41,-20.78,117.13,306.67,9.68
182,Béboto,100,TD,1583987551,14,8.27,16.94,296.44,0.86
183,Xichang,0,CN,1583987552,42,27.9,102.26,285.85,4.54
184,Gizo Government Station,100,SB,1583987554,92,-8.1,156.84,298.1,6.24
185,Bambous Virieux,75,MU,1583987555,94,-20.34,57.76,301.48,4.03
186,Hualmay,100,PE,1583986993,69,-11.1,-77.61,295.88,1.49
187,Beringovskiy,100,RU,1583987557,94,63.05,179.32,273.05,13.44
188,Port Blair,20,IN,1583987558,66,11.67,92.75,299.56,2.05
189,Gemeente Geldermalsen,90,NL,1583987559,76,51.87,5.28,284.26,9.3
190,Terrasini,0,IT,1583987561,93,38.15,13.08,284.82,0.87
191,Fairbanks,75,US,1583987562,69,64.84,-147.72,254.26,0.62
192,Miyako,0,JP,1583987565,46,39.64,141.95,280.92,4.74
193,Guantánamo,20,CU,1583987566,88,20.14,-75.21,295.15,4.1
194,Amapá,88,BR,1583987567,95,1.0,-52.0,293.94,0.74
195,Narsaq,0,GL,1583987568,48,60.92,-46.05,266.15,1.0
196,Ternate,99,ID,1583987569,80,0.8,127.4,301.34,1.03
197,Dakoro,56,NE,1583987570,12,14.51,6.76,292.39,8.35
198,Borovoy,90,RU,1583987571,67,55.43,86.08,268.15,5.0
199,Port Hardy,75,CA,1583987490,93,50.7,-127.42,275.15,2.1
200,Tiksi,0,RU,1583987573,74,71.69,128.87,249.52,4.16
201,Shetpe,100,KZ,1583987575,60,44.17,52.12,283.33,3.26
202,Aasiaat,70,GL,1583987576,96,68.71,-52.87,250.93,2.41
203,Ahipara,1,NZ,1583987577,91,-35.17,173.17,295.37,4.01
204,Sinnamary,0,GF,1583987578,72,5.38,-52.95,299.1,6.4
205,Santa Rosa,20,PH,1583987454,49,14.31,121.11,307.04,5.1
206,Bogalusa,1,US,1583987580,93,30.79,-89.85,292.15,2.1
207,Cap Malheureux,75,MU,1583987463,94,-19.98,57.61,301.48,6.29
208,Erenhot,18,CN,1583987582,25,43.65,111.98,270.64,4.46
209,Boyolangu,71,ID,1583987584,70,-8.12,111.89,303.75,5.84
210,Guerrero Negro,100,MX,1583987585,87,27.98,-114.06,293.84,8.98
211,Palencia,100,ES,1583987586,73,42.42,-4.5,284.26,2.15
212,Madiun,87,ID,1583987587,71,-7.63,111.52,304.0,3.41
213,Sirte,12,LY,1583987588,74,31.21,16.59,286.06,5.26
214,Vostok,100,RU,1583987589,85,46.49,135.88,270.67,4.28
215,Becerril,98,CO,1583987590,75,9.7,-73.28,298.35,1.12
216,Grand Gaube,75,MU,1583987591,94,-20.01,57.66,301.48,6.29
217,Sørland,75,NO,1583987592,91,67.67,12.69,273.15,10.3
218,Rocha,99,UY,1583987595,95,-34.48,-54.33,293.44,4.69
219,Poso,72,ID,1583987596,83,-1.4,120.75,297.08,1.52
220,Manzhouli,0,CN,1583987597,61,49.6,117.43,258.86,8.97
221,Vestmannaeyjar,96,IS,1583987598,64,63.44,-20.27,273.85,7.87
222,Okhotsk,100,RU,1583987599,61,59.38,143.3,264.87,8.98
223,Alice Springs,28,AU,1583987366,18,-23.7,133.88,309.15,3.1
224,Boende,100,CD,1583987601,98,-0.22,20.87,296.13,0.37
225,La Rioja,53,AR,1583987603,59,-29.41,-66.85,296.15,0.69
226,Samfya,100,ZM,1583987604,91,-11.36,29.56,292.69,1.99
227,Hastings,44,GB,1583987605,75,50.86,0.57,281.15,9.3
228,Bairiki Village,75,KI,1583987492,88,1.33,172.98,300.15,0.5
229,Tigre,57,AR,1583987608,100,-34.43,-58.58,294.15,1.5
230,Tura,0,IN,1583987609,24,25.52,90.22,306.48,1.8
231,Camacha,75,PT,1583987611,77,33.08,-16.33,289.15,3.1
232,Provideniya,100,RU,1583987612,92,64.38,-173.3,261.15,4.0
233,Hay River,75,CA,1583987613,60,60.82,-115.8,258.15,2.6
234,Ust-Nera,100,RU,1583987524,91,64.57,143.2,249.74,1.05
235,Kenai,1,US,1583987615,47,60.55,-151.26,264.15,1.5
236,Labuhan,100,ID,1583987617,67,-6.88,112.21,303.81,4.03
237,Illela,97,NG,1583987618,14,13.73,5.3,294.66,10.11
238,Aloleng,4,PH,1583987619,47,16.13,119.78,306.32,5.2
239,Tazovsky,9,RU,1583987620,88,67.47,78.7,252.46,2.3
240,Andros,0,GR,1583987621,71,37.83,24.93,286.48,7.2
241,Lakhīmpur,4,IN,1583987622,36,27.95,80.77,301.85,3.86
242,Hasaki,75,JP,1583987623,32,35.73,140.83,288.71,1.5
243,Polyarnyye Zori,100,RU,1583987624,96,67.37,32.5,267.25,1.31
244,Wamba,86,NG,1583987625,73,8.93,8.6,297.91,0.84
245,Donegal,57,IE,1583987626,88,54.65,-8.12,275.75,8.27
246,Oudtshoorn,90,ZA,1583987629,100,-33.59,22.2,289.15,2.1
247,Karratha,100,AU,1583987630,78,-20.74,116.85,303.06,8.68
248,Minusinsk,84,RU,1583987631,54,53.71,91.69,271.15,4.0
249,Develi,75,TR,1583987632,49,38.39,35.49,280.15,3.1
250,Aden,33,YE,1583987412,56,12.78,45.04,299.69,9.07
251,Broome,90,US,1583987634,55,42.25,-75.83,276.48,1.36
252,Portsmouth,97,GB,1583987375,74,50.8,-1.09,279.82,8.7
253,Olafsvik,94,IS,1583987636,78,64.89,-23.71,270.13,10.22
254,Kuvshinovo,97,RU,1583987637,95,57.03,34.17,274.84,5.2
255,Harlingen,90,US,1583987639,83,26.19,-97.7,296.15,7.2
256,Vengerovo,100,RU,1583987640,100,55.68,76.75,273.95,5.03
257,Zeya,100,RU,1583987641,79,53.75,127.27,261.71,4.48
258,Bouca,100,CF,1583987642,24,6.51,18.27,295.58,1.08
259,Carbonia,0,IT,1583987643,100,39.17,8.52,284.26,3.1
260,Yenagoa,100,NG,1583987644,94,4.92,6.26,298.91,0.58
261,Sobolevo,85,RU,1583987645,77,54.43,31.9,276.42,8.03
262,Dingle,40,PH,1583987646,57,11.0,122.67,302.95,6.03
263,Aldan,100,RU,1583987647,82,58.6,125.39,249.46,2.88
264,Gamba,94,GA,1583987648,93,-2.65,10.0,297.7,0.99
265,Dondo,40,MZ,1583987650,94,-19.61,34.74,298.15,1.5
266,Arlit,34,NE,1583987651,17,18.74,7.39,288.59,7.56
267,Kumul,67,CN,1583987652,31,42.8,93.45,277.04,4.89
268,Port-Gentil,100,GA,1583987653,82,-0.72,8.78,300.41,3.9
269,Magadan,100,RU,1583987654,91,59.57,150.8,261.03,9.54
270,Inírida,59,CO,1583987655,72,3.87,-67.92,299.54,1.11
271,Araouane,67,ML,1583987656,18,18.9,-3.53,291.69,4.28
272,Khatanga,100,RU,1583987658,88,71.97,102.5,258.7,12.48
273,Baishishan,100,CN,1583987659,55,43.58,127.57,272.36,6.21
274,Richards Bay,53,ZA,1583987660,80,-28.78,32.04,297.93,9.34
275,Henties Bay,0,NA,1583987661,96,-22.12,14.28,288.71,0.89
276,Chui,100,UY,1583987662,90,-33.7,-53.46,294.91,2.72
277,Erzin,75,TR,1583987664,67,36.96,36.2,290.93,1.0
278,Kang,62,BW,1583987665,38,-23.68,22.79,297.38,4.76
279,Kavieng,75,PG,1583987666,73,-2.57,150.8,302.29,4.35
280,Utraula,0,IN,1583987667,34,27.32,82.42,302.78,3.16
281,Kaitangata,49,NZ,1583987669,79,-46.28,169.85,285.82,7.5
282,Hwange,81,ZW,1583987670,76,-18.37,26.5,296.39,1.13
283,The Pas,90,CA,1583987671,92,53.83,-101.25,269.15,3.1
284,Conde,40,BR,1583987673,94,-7.26,-34.91,299.15,0.5
285,Makakilo City,90,US,1583987674,78,21.35,-158.09,299.15,4.1
286,Killarney,65,IE,1583987675,77,52.05,-9.52,276.18,7.81
287,Deputatsky,0,RU,1583987676,89,69.3,139.9,243.47,0.77
288,St. George's,20,GD,1583987677,74,12.06,-61.75,299.15,5.1
289,The Valley,40,AI,1583987680,73,18.22,-63.06,298.15,5.1
290,Fort Nelson,90,CA,1583987681,71,58.81,-122.7,260.15,5.1
291,Saint-Joseph,79,RE,1583987682,94,-21.37,55.62,301.15,7.7
292,Bilibino,100,RU,1583987683,95,68.05,166.44,256.11,2.93
293,Vanimo,100,PG,1583987684,77,-2.67,141.3,301.45,5.22
294,Wagga Wagga,60,AU,1583987685,36,-35.12,147.37,299.26,5.1
295,Esperance,100,AU,1583987686,68,-33.87,121.9,295.15,5.7
296,Seoul,40,KR,1583987426,32,37.57,126.98,285.15,1.5
297,Gravdal,75,NO,1583987688,87,68.12,13.5,273.15,10.3
298,San Jose,1,US,1583987556,62,37.34,-121.89,288.71,2.6
299,Hong Kong,40,HK,1583987694,69,22.29,114.16,299.82,5.1
300,Kuching,40,MY,1583987395,79,1.55,110.33,304.15,2.1
301,Taoudenni,3,ML,1583987696,18,22.68,-3.98,287.62,2.49
302,Gao,81,ML,1583987697,11,16.64,1.64,294.06,9.68
303,Marabu,75,MY,1583987433,84,4.41,114.01,303.71,2.1
304,Jamame,98,SO,1583987699,78,0.07,42.75,300.94,9.28
305,Pisco,96,PE,1583987701,78,-13.7,-76.22,297.15,1.5
306,Te Anau,14,NZ,1583987703,73,-45.42,167.72,286.32,1.82
307,Millinocket,90,US,1583987493,49,45.66,-68.71,272.04,5.1
308,Chicama,40,PE,1583987706,78,-7.84,-79.15,297.15,3.1
309,Muravlenko,100,RU,1583987707,99,63.79,74.52,273.24,5.13
310,Haines Junction,47,CA,1583987708,88,60.75,-137.51,250.11,2.17
311,Dalbandin,0,PK,1583987709,26,28.89,64.41,285.45,0.76
312,Mar del Plata,83,AR,1583987710,88,-38.0,-57.56,293.15,4.1
313,Norman Wells,75,CA,1583987711,76,65.28,-126.83,251.15,6.7
314,La Ronge,90,CA,1583987712,79,55.1,-105.28,267.15,6.7
315,Burgeo,41,CA,1583987448,73,47.62,-57.62,268.17,4.55
316,São Filipe,0,CV,1583987715,64,14.9,-24.5,296.28,2.81
317,Wagar,17,SD,1583987716,43,16.15,36.2,302.59,5.24
318,Orocué,99,CO,1583987718,45,4.79,-71.34,301.02,1.06
319,Hofn,100,IS,1583987719,64,64.25,-15.21,274.68,15.0
320,Gerāsh,11,IR,1583987720,43,27.67,54.14,284.15,0.63
321,Ayan,0,RU,1583987523,68,56.45,138.17,259.25,5.36
322,San Juan,7,AR,1583987722,55,-31.54,-68.54,299.66,5.37
323,Juneau,90,US,1583987703,79,58.3,-134.42,270.15,1.5
324,Flinders,40,AU,1583987724,53,-34.58,150.86,298.15,6.7
325,Dharmavaram,1,IN,1583987726,31,14.43,77.72,304.99,2.31
326,Nara,0,JP,1583987727,30,34.69,135.8,287.04,2.1
327,Mezhova,80,UA,1583987728,73,48.25,36.73,282.25,8.57
328,Morón,57,AR,1583987644,100,-34.65,-58.62,294.15,1.0
329,Skjervøy,100,NO,1583987730,78,70.03,20.97,269.93,2.22
330,Pevek,100,RU,1583987731,95,69.7,170.31,257.07,2.94
331,Birao,18,CF,1583987732,10,10.28,22.79,298.87,1.75
332,Javānrūd,3,IR,1583987733,29,34.8,46.52,283.51,0.97
333,Laas,39,IT,1583987734,59,46.62,10.7,277.59,1.5
334,Rey Bouba,83,CM,1583987735,12,8.67,14.18,297.33,1.19
335,Saýat,0,TM,1583987737,42,38.78,63.88,282.15,0.66
336,Havøysund,75,NO,1583987738,92,71.0,24.66,269.15,1.5
337,Belém,75,BR,1583987739,94,-1.46,-48.5,298.15,2.6
338,Santiago de Cao,40,PE,1583987740,78,-7.96,-79.24,297.15,3.1
339,Howard Springs,20,AU,1583987741,62,-12.5,131.05,306.48,5.1
340,Olhão,75,PT,1583987742,93,37.03,-7.84,288.15,1.5
341,Saint-Augustin,98,CA,1583987743,96,51.23,-58.65,261.24,1.23
342,Vila Velha,90,BR,1583987744,88,-20.33,-40.29,297.15,2.47
343,Lagoa,41,PT,1583987745,73,39.05,-27.98,287.44,4.73
344,Acapulco de Juárez,5,MX,1583987746,83,16.86,-99.89,300.15,2.6
345,Rozsypne,100,UA,1583987747,81,48.15,38.58,281.6,4.69
346,Nioro,0,GM,1583987749,15,13.35,-15.75,295.17,1.77
347,Kroya,22,ID,1583987750,56,-7.63,109.25,306.33,3.38
348,Terråk,100,NO,1583987751,80,65.09,12.37,277.15,5.7
349,Kwekwe,44,ZW,1583987752,73,-18.93,29.81,294.82,2.63
350,Srīvardhan,0,IN,1583987754,52,18.03,73.02,299.55,4.84
351,Turukhansk,100,RU,1583987755,88,65.82,87.98,259.48,4.22
352,Camocim,100,BR,1583987756,97,-2.9,-40.84,295.64,1.53
353,Burnie,67,AU,1583987757,84,-41.07,145.92,293.71,3.58
354,Thurso,43,GB,1583987758,86,58.59,-3.53,275.15,9.8
355,Grindavik,100,IS,1583987759,68,63.84,-22.43,272.15,10.3
356,Riyadh,14,SA,1583987659,38,24.69,46.72,289.15,1.0
357,Srednekolymsk,100,RU,1583987762,93,67.45,153.68,247.53,7.68
358,Bendigo,69,AU,1583987763,29,-36.77,144.28,302.04,0.89
359,Sakaiminato,20,JP,1583987764,41,35.55,133.23,287.15,2.6
360,São Joaquim,28,BR,1583987765,98,-28.29,-49.93,286.87,1.12
361,Asău,10,RO,1583987766,93,46.43,26.4,277.59,0.5
362,Dickinson,90,US,1583987637,94,29.46,-95.05,294.26,3.6
363,Florø,100,NO,1583987768,86,61.6,5.03,276.15,10.8
364,Agüimes,18,ES,1583987769,42,27.91,-15.45,292.15,3.1
365,Makat,54,KZ,1583987771,29,47.65,53.35,284.42,5.59
366,Makkah al Mukarramah,0,SA,1583987635,46,21.43,39.83,300.21,1.84
367,Geraldton,0,AU,1583987773,57,-28.77,114.6,300.15,6.2
368,Kadoma,20,JP,1583987774,35,34.73,135.58,288.15,2.6
369,Tuatapere,38,NZ,1583987775,74,-46.13,167.68,288.15,4.47
370,Talcahuano,20,CL,1583987776,100,-36.72,-73.12,286.15,2.6
371,West Wendover,1,US,1583987777,56,40.74,-114.07,280.15,2.27
372,Likasi,100,CD,1583987778,90,-10.98,26.73,292.33,0.81
373,Syracuse,0,IT,1583987779,93,37.09,15.28,282.59,2.1
374,‘Āhuimanu,90,US,1583987782,65,21.44,-157.84,299.15,3.6
375,Ol'ga,41,RU,1583987783,82,43.74,135.29,274.43,7.7
376,Codrington,84,AU,1583987784,62,-38.27,141.97,293.73,4.99
377,Mae Sai,6,TH,1583987785,54,20.43,99.88,299.15,2.6
378,Long Xuyen,40,VN,1583987786,62,10.38,105.42,305.15,4.6
379,Lavrentiya,94,RU,1583987787,91,65.58,-171.0,257.86,0.95
380,Kirovskiy,96,RU,1583987788,84,45.09,133.51,275.05,6.26
381,Miraflores,5,MX,1583987789,28,19.22,-98.81,293.15,2.1
382,Aksarayskiy,61,RU,1583987791,93,46.79,48.01,276.15,3.0
383,Kiunga,62,PG,1583987792,63,-6.12,141.29,303.5,1.51
384,Mīnāb,0,IR,1583987793,59,27.15,57.08,291.15,3.1
385,Karakol,25,KG,1583987794,55,42.49,78.39,272.83,1.49
386,Cheremisinovo,90,RU,1583987795,93,51.89,37.26,277.15,8.0
387,Shizunai-furukawachō,84,JP,1583987796,77,42.33,142.37,273.8,4.19
388,Mariehamn,90,AX,1583987797,86,60.1,19.93,277.15,5.7
389,Wanning,1,CN,1583987798,77,18.8,110.4,299.76,5.87
390,Pirapora,15,BR,1583987799,96,-17.34,-44.94,292.96,0.75
391,Constitución,7,CL,1583987800,80,-35.33,-72.42,285.62,1.15
392,Kulu,87,TR,1583987801,48,39.1,33.08,283.46,4.3
393,Yulara,3,AU,1583987803,10,-25.24,130.99,310.15,8.2
394,Lahaina,90,US,1583987798,78,20.88,-156.68,295.15,2.6
395,Quang Ngai,0,VN,1583987806,79,15.12,108.8,298.96,8.08
396,Mackenzie,90,CA,1583987579,74,55.3,-123.17,271.15,2.1
397,Hamilton,90,US,1583987510,81,39.18,-84.53,282.15,0.85
398,San Quintín,100,MX,1583987810,86,30.48,-115.95,290.0,2.97
399,Port Augusta,90,AU,1583987811,27,-32.5,137.77,306.48,5.7
400,Hanzhong,3,CN,1583987812,32,33.07,107.03,293.18,0.63
401,Rio Grande,100,BR,1583987813,93,-32.03,-52.1,295.37,7.77
402,Jesús Carranza,1,MX,1583987815,97,17.43,-95.03,291.42,0.59
403,Reni,15,UA,1583987816,80,45.46,28.29,277.15,1.0
404,Plaster Rock,90,CA,1583987817,78,46.91,-67.39,266.15,4.1
405,Lūnāvāda,0,IN,1583987818,22,23.13,73.62,298.19,4.21
406,Whitehorse,5,CA,1583987656,44,60.72,-135.05,255.15,3.1
407,Khandyga,100,RU,1583987820,94,62.67,135.6,252.22,2.76
408,Jega,30,NG,1583987821,15,12.22,4.38,297.15,8.1
409,Warrington,20,GB,1583987822,58,53.39,-2.58,278.15,11.3
410,Cabedelo,40,BR,1583987823,94,-6.98,-34.83,299.15,0.5
411,San Cristobal,75,VE,1583987812,83,7.77,-72.22,299.15,2.1
412,Sioux Lookout,90,CA,1583987733,96,50.1,-91.92,273.15,2.6
413,Ilhabela,0,BR,1583987757,77,-23.78,-45.36,297.08,5.08
414,Harper,87,LR,1583987828,95,4.38,-7.72,298.41,1.36
415,Kholmogory,90,RU,1583987829,100,64.22,41.66,274.15,2.0
416,Tiarei,40,PF,1583987830,74,-17.53,-149.33,302.15,4.1
417,Santa Cruz de La Palma,20,ES,1583987832,82,28.68,-17.76,293.15,3.6
418,Cherskiy,100,RU,1583987833,96,68.75,161.3,256.87,6.28
419,Javorník,61,CZ,1583987834,68,50.39,17.0,284.26,1.79
420,Ossora,100,RU,1583987835,92,59.24,163.07,275.07,11.8
421,San Patricio,85,MX,1583987837,81,19.22,-104.7,297.22,1.53
422,Pārīchha,0,IN,1583987838,21,25.52,78.75,302.59,2.06
423,Airai,88,TL,1583987839,88,-8.93,125.41,297.83,1.04
424,Benghazi,14,LY,1583987840,67,32.12,20.07,287.38,9.2
425,Nuuk,79,GL,1583987624,72,64.18,-51.72,265.15,7.2
426,Meïganga,77,CM,1583987843,27,6.52,14.3,290.57,1.09
427,Sittingbourne,20,GB,1583987844,45,51.34,0.73,280.93,11.3
428,Oussouye,0,SN,1583987845,78,12.48,-16.55,296.15,1.0
429,Lethem,86,GY,1583987846,64,3.38,-59.8,299.35,6.39
430,Yumen,100,CN,1583987847,34,40.28,97.2,274.24,1.29
431,Touros,40,BR,1583987849,94,-5.2,-35.46,298.15,1.0
432,Carnarvon,1,AU,1583987850,62,-24.87,113.63,304.15,7.2
433,Colares,51,PT,1583987851,87,38.8,-9.45,289.82,2.6
434,Nkhotakota,93,MW,1583987852,77,-12.93,34.3,299.31,5.69
435,Saiha,0,IN,1583987854,22,22.48,92.97,304.5,2.92
436,Nacogdoches,1,US,1583987855,82,31.6,-94.63,293.71,4.6
437,Teahupoo,40,PF,1583987856,74,-17.83,-149.27,302.15,4.1
438,Waddān,25,LY,1583987631,89,29.16,16.14,283.14,4.75
439,Aksay,75,RU,1583987858,87,47.26,39.87,282.59,9.0
440,Necochea,24,AR,1583987860,91,-38.55,-58.74,291.48,3.13
441,Ayagoz,0,KZ,1583987861,72,47.97,80.44,267.64,2.75
442,Babócsa,0,HU,1583987862,80,46.04,17.34,282.07,1.1
443,Strathmore,75,CA,1583987863,58,51.05,-113.39,272.04,6.2
444,Loralai,100,PK,1583987864,69,30.37,68.6,278.45,10.19
445,Samarai,95,PG,1583987865,78,-10.62,150.67,301.32,3.38
446,Paamiut,99,GL,1583987867,89,61.99,-49.67,263.88,1.82
447,Murray Bridge,84,AU,1583987868,37,-35.12,139.27,304.82,3.58
448,San Borja,76,BO,1583987869,78,-14.82,-66.85,296.87,0.89
449,Biograd na Moru,0,HR,1583987870,93,43.94,15.45,278.71,1.0
450,Vila Franca do Campo,40,PT,1583987872,87,37.72,-25.43,288.15,4.6
451,Adrar,0,MR,1583987873,10,20.5,-10.07,290.68,4.11
452,Palmer,75,US,1583987874,41,42.16,-72.33,279.15,2.6
453,Dori,52,BF,1583987875,4,14.04,-0.03,296.6,4.53
454,Cucutilla,75,CO,1583987876,83,7.54,-72.77,299.15,2.1
455,Peniche,90,PT,1583987877,93,39.36,-9.38,287.59,2.1
456,Sola,75,VU,1583987879,79,-13.88,167.55,304.15,3.45
457,Aripuanã,90,BR,1583987880,98,-9.17,-60.63,296.27,0.58
458,Cocal,2,BR,1583987881,93,-28.62,-49.35,290.69,1.52
459,Songjianghe,100,CN,1583987882,92,42.19,127.48,270.3,5.25
460,Canas,38,CR,1583987886,65,10.43,-85.09,300.15,9.3
461,North Port,75,US,1583987887,93,27.04,-82.24,295.15,2.13
462,Shingū,0,JP,1583987888,47,33.73,135.98,286.15,5.1
463,Tai’an,0,CN,1583987889,30,36.19,117.12,294.26,0.45
464,Iralaya,0,HN,1583987890,79,15.0,-83.23,298.91,7.07
465,Ulvik,96,NO,1583987891,98,60.57,6.92,263.35,0.94
466,Moctezuma,100,MX,1583987892,67,29.8,-109.67,290.3,3.08
467,Larsnes,100,NO,1583987893,100,62.2,5.58,277.59,8.2
468,Caborca,100,MX,1583987894,84,30.58,-111.1,292.59,0.45
469,Katobu,99,ID,1583987896,79,-4.94,122.53,302.5,0.52
470,Bucksport,75,US,1583987897,60,44.57,-68.8,274.82,3.1
471,Mindelo,20,CV,1583987898,68,16.89,-24.98,294.15,6.7
472,Żurrieq,0,MT,1583987899,87,35.83,14.47,285.93,4.1
473,Kieta,100,PG,1583987900,71,-6.22,155.63,300.62,4.47
474,Haapiti,40,PF,1583987901,74,-17.57,-149.87,302.15,4.1
475,Bath,75,GB,1583987903,65,51.38,-2.36,279.26,7.7
476,Bogandé,86,BF,1583987904,4,12.97,-0.14,298.61,4.78
477,Batagay,29,RU,1583987905,85,67.63,134.63,250.84,1.01
478,Cuamba,72,MZ,1583987907,90,-14.8,36.54,296.9,0.93
479,Sokolovo,97,RU,1583987908,75,52.53,84.79,269.46,2.02
480,Gal'bshtadt,8,RU,1583987909,88,53.23,78.98,268.31,4.14
481,Kunyang,100,CN,1583987911,94,27.67,120.57,284.2,1.65
482,Sabang,23,ID,1583987912,73,5.89,95.32,301.71,4.59
483,Kandrian,100,PG,1583987913,84,-6.22,149.55,299.02,5.08
484,Lázaro Cárdenas,6,MX,1583987914,86,17.96,-102.2,295.18,1.14
485,Celestún,0,MX,1583987915,83,20.87,-90.4,296.75,7.18
486,Praia,0,CV,1583987916,22,14.92,-23.51,298.15,5.7
487,Tofield,75,CA,1583987917,68,53.37,-112.67,271.15,3.1
488,Inhambane,20,MZ,1583987919,88,-23.86,35.38,295.15,3.32
489,Egvekinot,100,RU,1583987920,98,66.32,-179.17,253.64,1.82
490,Matadi,95,CD,1583987921,94,-5.82,13.45,296.82,0.72
491,Ganzhou,100,CN,1583987922,90,28.82,115.43,285.47,0.48
492,Waipawa,83,NZ,1583987923,55,-41.41,175.52,289.82,8.2
493,Siljan,68,NO,1583987924,100,59.29,9.71,276.48,1.5
494,Ciudad Guayana,0,VE,1583987925,89,8.35,-62.65,295.23,2.51
495,Gazojak,0,TM,1583987926,20,41.19,61.4,285.8,2.25
496,Djenné,89,ML,1583987927,6,13.91,-4.55,296.15,3.82
497,Abhā,10,SA,1583987928,66,18.22,42.51,286.15,1.5
498,KwaDukuza,44,ZA,1583987930,83,-29.33,31.29,296.48,2.1
499,Fredericton,75,CA,1583987753,73,45.95,-66.67,270.15,1.0
500,Vieques,75,PR,1583987932,88,18.43,-65.83,297.04,1.5
501,Chiriquí Grande,28,PA,1583987933,86,8.95,-82.12,296.8,1.6
502,Churapcha,100,RU,1583987934,91,62.0,132.43,250.93,5.46
503,Elko,1,US,1583987640,48,41.0,-115.5,280.37,1.61
504,Chumikan,84,RU,1583987936,72,54.72,135.31,265.73,5.05
505,Posse,100,BR,1583987938,98,-14.09,-46.37,293.59,1.29
506,Cabras,0,IT,1583987939,93,39.93,8.53,281.77,2.22
507,Gornopravdinsk,100,RU,1583987940,98,60.05,69.9,274.8,5.59
508,La Ceiba,75,HN,1583987942,88,15.76,-86.78,297.15,1.0
509,Dilla,100,ET,1583987943,79,6.41,38.31,289.08,3.82
510,Maceió,20,BR,1583987945,94,-9.67,-35.74,298.15,2.1
511,Agadez,7,NE,1583987946,39,19.75,10.25,284.3,4.92
512,Acandí,68,CO,1583987947,99,8.51,-77.28,293.84,1.27
513,Lianhe,43,CN,1583987948,50,47.13,129.27,269.26,7.84
514,Lokosovo,100,RU,1583987949,100,61.13,74.82,274.24,3.6
515,Panguna,100,PG,1583987950,96,-6.32,155.48,293.27,2.09
516,Kolding,75,DK,1583987952,87,55.49,9.47,281.48,12.3
517,Catuday,0,PH,1583987953,71,16.29,119.81,302.67,1.41
518,Canguçu,100,BR,1583987955,93,-31.39,-52.68,295.37,3.04
519,Nioki,100,CD,1583987957,94,-2.72,17.68,296.07,1.49
520,Madimba,20,TZ,1583987958,100,-10.4,40.33,297.15,2.53
521,Severo-Kuril'sk,98,RU,1583987959,91,50.68,156.12,265.02,16.6
522,Maridi,82,SS,1583987960,79,4.92,29.47,297.18,3.36
523,Kharp,100,RU,1583987961,94,66.8,65.81,260.75,1.83
524,Jutaí,93,BR,1583987963,97,-5.18,-68.9,296.16,0.65
525,Dubti,67,ET,1583987964,40,11.74,41.09,298.99,5.43
526,Parksville,5,CA,1583987965,52,49.32,-124.32,279.82,2.6
527,Coahuayana Viejo,40,MX,1583987966,94,18.73,-103.68,294.15,1.36
528,Keti Bandar,0,PK,1583987967,25,24.14,67.45,297.82,6.68
529,Rabak,43,SD,1583987968,10,13.18,32.74,305.16,6.4
530,Biltine,74,TD,1583987969,15,14.53,20.92,291.75,5.35
531,Najrān,47,SA,1583987970,32,17.49,44.13,286.15,1.0
532,Ngunguru,32,NZ,1583987971,68,-35.62,174.5,295.37,5.36
533,Arecibo,90,PR,1583987972,83,18.47,-66.72,297.59,2.1
534,Abu Dhabi,0,AE,1583987708,82,24.47,54.37,293.71,2.1
535,Pathein,0,MM,1583987976,50,16.78,94.73,301.95,3.84
536,Isiro,92,CD,1583987746,94,2.77,27.62,293.67,0.87
537,Port Macquarie,99,AU,1583987978,53,-31.43,152.92,297.15,5.1
538,Poum,0,NC,1583987832,77,-20.23,164.02,301.34,5.9
539,Mizdah,0,LY,1583987980,87,31.45,12.98,279.82,2.82
540,Omsukchan,100,RU,1583987981,95,62.53,155.8,256.75,3.91
541,Chute-aux-Outardes,1,CA,1583987982,65,49.12,-68.4,264.15,2.1
542,Eyrarbakki,94,IS,1583987983,68,63.86,-21.15,271.15,2.6
543,Presidencia Roque Sáenz Peña,0,AR,1583987984,40,-26.79,-60.44,297.75,2.98
544,Otane,49,NZ,1583987985,58,-39.88,176.63,289.82,4.02
545,Gouyave,20,GD,1583987987,74,12.16,-61.73,299.15,5.1
546,Jardim,0,BR,1583987988,69,-21.48,-56.14,295.83,2.13
547,Dvinskoy,100,RU,1583987990,99,62.15,45.12,275.41,2.92
548,Hirara,75,JP,1583987991,68,24.8,125.28,293.15,4.6
549,Itumba,100,TZ,1583987992,92,-9.4,33.18,292.46,1.21
550,Quatre Cocos,75,MU,1583987993,94,-20.21,57.76,301.48,5.68
551,Hoskote,4,IN,1583987995,33,14.28,77.17,303.94,1.1
552,Mažeikiai,87,LT,1583987996,85,56.32,22.33,277.12,5.45
553,Tambacounda,0,SN,1583987997,7,13.75,-13.76,302.15,3.1
554,Oodweyne,52,SO,1583987999,31,9.41,45.06,295.11,4.18
555,Kuril'sk,50,RU,1583988000,65,45.23,147.88,271.04,7.09
556,Nouadhibou,0,MR,1583988001,49,20.93,-17.03,293.15,4.6
557,Khombole,0,SN,1583988002,29,14.77,-16.7,297.15,6.7
558,Bolobo,100,CD,1583988003,87,-2.17,16.23,296.71,0.46
